medicine_name,sale_time,day_of_week,month,temperature,quantity_sold
Else,2025-02-28 13:31:54,4,2,10.2,407
Else,2025-02-03 19:45:00,0,2,23.7,477
Else,2025-02-07 04:21:00,4,2,9.1,235
Great,2025-01-15 01:54:22,2,1,24.6,291
Great,2025-01-31 14:34:55,4,1,29.2,499
Great,2025-01-18 02:28:56,5,1,11.4,376
Surface,2025-01-05 11:16:45,6,1,14.6,500
Surface,2025-02-11 20:03:10,1,2,18.9,169
Surface,2025-02-07 11:04:06,4,2,13.8,78
Cut,2025-03-17 23:01:27,0,3,22.8,483
Cut,2025-02-22 02:36:36,5,2,28.2,499
Cut,2024-12-29 17:27:11,6,12,30.1,350
Matter,2024-12-21 16:15:53,5,12,6.3,35
Matter,2025-02-27 12:50:18,3,2,27.7,351
Matter,2024-12-22 10:20:12,6,12,34.2,120
Off,2025-02-05 11:21:52,2,2,35.8,416
Off,2025-01-04 16:25:37,5,1,34.5,208
Off,2025-01-04 09:00:47,5,1,26.3,341
Artist,2025-02-19 06:44:01,2,2,34.5,324
Artist,2025-01-16 00:41:45,3,1,37.1,499
Artist,2025-02-18 04:24:49,1,2,33.6,186
Material,2025-01-14 00:09:35,1,1,29.1,150
Material,2025-02-05 20:57:20,2,2,2.4,498
Material,2025-03-13 16:04:28,3,3,36.8,329
Run,2025-02-18 03:12:36,1,2,16.6,175
Run,2025-01-13 17:57:07,0,1,1.0,405
Run,2024-12-21 10:59:52,5,12,9.9,127
Enter,2024-12-24 10:20:39,1,12,38.9,313
Enter,2025-02-26 09:19:00,2,2,31.1,411
Enter,2024-12-31 07:27:26,1,12,19.3,384
With,2025-01-05 02:49:31,6,1,5.1,116
With,2025-03-03 12:33:04,0,3,23.8,13
With,2025-01-10 20:00:04,4,1,22.1,305
Continue,2025-01-10 17:58:35,4,1,13.5,451
Continue,2025-01-27 20:06:10,0,1,36.7,436
Continue,2025-01-03 13:10:13,4,1,38.4,454
Car,2025-02-24 04:50:26,0,2,30.6,389
Car,2025-01-26 05:59:36,6,1,0.2,485
Car,2025-02-26 03:00:07,2,2,18.4,24
Six,2024-12-31 17:28:48,1,12,37.5,471
Six,2025-02-08 01:05:36,5,2,38.6,137
Six,2025-01-02 10:31:47,3,1,33.3,212
Whether,2025-01-30 17:56:52,3,1,13.2,239
Whether,2025-03-17 04:51:54,0,3,37.0,86
Whether,2025-03-08 19:02:29,5,3,1.8,368
Man,2025-02-17 17:05:47,0,2,0.8,406
Man,2025-03-02 07:13:31,6,3,7.6,278
Man,2025-03-18 08:18:04,1,3,12.5,272
Around,2025-02-26 12:07:48,2,2,30.7,59
Around,2025-01-09 07:42:19,3,1,19.4,224
Around,2025-02-01 09:26:35,5,2,5.5,226
Treat,2025-02-23 07:31:45,6,2,7.0,195
Treat,2025-03-12 12:27:55,2,3,36.5,62
Treat,2025-03-09 18:52:51,6,3,12.5,61
Perhaps,2025-02-25 10:49:44,1,2,19.9,223
Perhaps,2025-02-22 21:36:36,5,2,14.7,319
Perhaps,2024-12-28 21:33:39,5,12,25.4,233
A,2025-02-12 23:17:14,2,2,1.0,297
A,2024-12-22 14:27:16,6,12,5.6,145
A,2025-02-02 21:11:49,6,2,3.9,229
Fine,2025-03-05 10:07:22,2,3,3.5,91
Fine,2025-03-18 18:46:59,1,3,37.8,91
Fine,2025-01-08 09:13:09,2,1,25.8,455
Buy,2025-01-04 17:30:58,5,1,4.0,138
Buy,2025-02-19 20:06:45,2,2,32.1,370
Buy,2025-01-21 08:09:06,1,1,12.8,179
According,2025-02-02 20:28:13,6,2,31.6,405
According,2025-02-21 11:09:52,4,2,33.0,113
According,2025-02-24 18:00:45,0,2,36.1,262
Response,2025-01-28 05:45:43,1,1,4.5,270
Response,2025-01-25 21:54:01,5,1,22.5,311
Response,2025-02-25 15:31:38,1,2,14.3,447
Lawyer,2025-03-06 17:55:12,3,3,1.2,247
Lawyer,2025-01-14 09:49:09,1,1,4.7,413
Lawyer,2025-02-07 20:24:56,4,2,17.3,345
Culture,2025-01-26 23:14:28,6,1,25.5,275
Culture,2025-02-20 21:28:08,3,2,6.4,493
Culture,2025-01-05 14:01:35,6,1,39.1,361
Across,2025-02-08 05:44:49,5,2,3.6,79
Across,2025-03-15 10:07:23,5,3,11.1,195
Across,2025-03-05 10:40:46,2,3,24.2,432
Article,2024-12-29 22:57:01,6,12,35.2,116
Article,2025-02-01 10:14:04,5,2,34.4,288
Article,2024-12-23 07:52:24,0,12,18.6,343
Ok,2025-02-11 07:44:23,1,2,26.4,158
Ok,2025-01-02 22:03:23,3,1,24.2,214
Ok,2025-02-02 23:58:37,6,2,12.2,200
Threat,2025-01-24 10:04:47,4,1,20.1,92
Threat,2025-02-09 18:30:53,6,2,32.2,361
Threat,2025-02-28 21:43:22,4,2,34.1,306
Already,2025-01-30 02:58:52,3,1,23.5,318
Already,2025-02-12 14:40:38,2,2,6.6,109
Already,2025-01-18 18:50:13,5,1,11.3,174
Nor,2025-02-12 22:37:36,2,2,12.2,15
Nor,2024-12-25 20:59:25,2,12,14.3,402
Nor,2024-12-28 01:44:43,5,12,39.1,41
Interest,2025-03-12 08:04:05,2,3,31.3,405
Interest,2025-02-02 12:03:44,6,2,6.2,48
Interest,2025-02-23 16:39:16,6,2,35.3,57
Blue,2025-03-14 08:46:08,4,3,25.9,271
Blue,2025-03-15 16:20:58,5,3,36.8,206
Blue,2025-03-19 03:21:05,2,3,8.4,264
Answer,2024-12-27 01:48:27,4,12,16.4,382
Answer,2025-01-05 17:24:58,6,1,12.6,414
Answer,2025-02-03 15:47:01,0,2,1.2,265
Value,2025-02-28 15:34:19,4,2,4.0,36
Value,2025-02-13 00:30:22,3,2,28.2,315
Value,2025-01-11 01:13:05,5,1,37.8,387
Animal,2025-01-15 15:10:35,2,1,1.9,116
Animal,2025-03-01 07:56:31,5,3,35.5,154
Animal,2025-02-13 08:28:44,3,2,37.2,398
Modern,2025-01-16 22:27:31,3,1,3.1,401
Modern,2025-01-07 14:08:40,1,1,30.9,389
Modern,2025-03-06 04:13:54,3,3,39.7,254
Service,2025-01-06 08:43:42,0,1,2.3,192
Service,2025-02-28 00:00:57,4,2,21.2,384
Service,2025-01-20 11:32:31,0,1,8.8,482
Deep,2025-02-14 17:46:50,4,2,13.4,356
Deep,2025-02-23 00:56:24,6,2,8.0,385
Deep,2025-02-01 21:54:09,5,2,6.3,330
First,2025-01-11 09:00:50,5,1,24.7,52
First,2025-03-02 09:48:37,6,3,33.2,387
First,2025-03-21 16:22:13,4,3,12.4,452
Then,2025-02-13 13:25:23,3,2,29.9,496
Then,2025-02-20 03:48:37,3,2,34.2,457
Then,2025-03-12 03:05:36,2,3,3.4,229
Ability,2024-12-21 21:11:10,5,12,38.8,457
Ability,2024-12-29 10:01:33,6,12,0.7,21
Ability,2025-02-01 16:07:16,5,2,1.6,80
Remember,2025-03-01 23:14:01,5,3,28.8,465
Remember,2025-01-21 08:04:22,1,1,8.6,405
Remember,2025-03-02 13:05:57,6,3,22.0,90
Total,2025-02-09 12:39:16,6,2,22.7,110
Total,2025-03-02 21:42:44,6,3,6.1,390
Total,2025-03-04 02:30:13,1,3,15.0,457
Find,2025-01-28 16:41:50,1,1,35.9,238
Find,2025-01-15 00:06:40,2,1,1.9,462
Find,2025-01-01 23:09:11,2,1,11.3,155
Company,2025-02-06 06:27:10,3,2,6.3,280
Company,2025-03-06 23:05:50,3,3,25.8,171
Company,2025-03-19 01:55:51,2,3,18.0,55
Current,2025-03-04 09:32:03,1,3,5.7,99
Current,2025-01-08 03:47:37,2,1,12.9,107
Current,2025-02-05 01:17:46,2,2,25.6,367
Themselves,2025-01-11 13:18:59,5,1,20.9,330
Themselves,2025-03-19 02:28:22,2,3,13.7,207
Themselves,2024-12-23 20:39:34,0,12,4.8,78
Certainly,2025-02-28 06:34:57,4,2,8.3,257
Certainly,2024-12-24 13:08:28,1,12,33.3,203
Certainly,2025-03-20 07:44:32,3,3,13.2,90
Impact,2024-12-30 12:32:26,0,12,37.0,370
Impact,2025-01-25 03:08:44,5,1,21.8,443
Impact,2025-02-24 01:10:16,0,2,17.5,413
Agree,2025-01-21 21:57:29,1,1,14.0,456
Agree,2025-01-06 04:27:01,0,1,19.1,153
Agree,2025-01-01 08:12:27,2,1,16.1,117
Land,2025-01-19 00:56:35,6,1,8.6,407
Land,2025-01-02 03:59:32,3,1,12.2,18
Land,2025-01-11 21:28:58,5,1,33.2,281
Career,2025-01-14 17:22:39,1,1,32.2,310
Career,2024-12-27 17:50:57,4,12,0.3,291
Career,2025-01-27 12:01:12,0,1,22.4,446
Left,2025-01-16 14:59:09,3,1,24.0,52
Left,2025-01-25 09:26:37,5,1,32.1,226
Left,2025-01-16 19:13:58,3,1,38.4,24
Certain,2025-01-13 09:29:50,0,1,12.7,189
Certain,2025-01-16 01:11:03,3,1,22.2,449
Certain,2025-02-24 20:21:40,0,2,6.9,127
Arm,2025-03-09 22:48:54,6,3,15.8,38
Arm,2025-03-19 05:25:11,2,3,5.1,186
Arm,2025-02-09 03:43:21,6,2,26.3,424
Student,2024-12-31 13:50:11,1,12,11.3,446
Student,2025-02-10 13:55:54,0,2,5.0,291
Student,2025-03-10 04:42:39,0,3,20.3,363
White,2025-01-11 01:42:23,5,1,0.7,423
White,2024-12-29 04:14:53,6,12,1.3,117
White,2025-02-06 18:37:06,3,2,12.5,102
Rock,2025-01-08 16:17:03,2,1,32.2,328
Rock,2025-01-23 22:22:50,3,1,37.9,453
Rock,2025-02-03 14:46:03,0,2,34.3,369
Too,2025-03-05 01:02:16,2,3,4.4,57
Too,2025-01-21 18:31:16,1,1,16.7,240
Too,2025-02-28 13:45:10,4,2,16.1,114
Also,2025-01-28 12:38:12,1,1,39.3,99
Also,2025-01-16 15:20:44,3,1,19.8,410
Also,2025-03-14 12:27:35,4,3,3.8,480
Lead,2025-02-24 00:15:26,0,2,3.9,142
Lead,2025-01-30 00:29:11,3,1,29.2,419
Lead,2025-02-24 10:24:13,0,2,20.4,380
Finish,2025-03-19 09:31:03,2,3,27.0,85
Finish,2025-03-18 14:10:43,1,3,21.4,99
Finish,2024-12-21 07:10:35,5,12,1.1,235
Name,2025-03-19 15:28:49,2,3,16.0,322
Name,2025-02-26 04:29:44,2,2,36.9,10
Name,2025-02-03 15:31:07,0,2,18.1,43
Detail,2025-02-28 18:24:42,4,2,32.8,214
Detail,2025-03-05 22:42:50,2,3,1.9,313
Detail,2025-01-28 23:23:05,1,1,8.7,12
Important,2025-02-03 17:27:36,0,2,20.1,298
Important,2025-01-28 00:01:13,1,1,18.4,138
Important,2025-03-02 19:16:25,6,3,34.3,46
Data,2025-01-04 15:45:48,5,1,35.4,188
Data,2025-01-16 18:24:01,3,1,17.7,332
Data,2025-02-09 03:39:52,6,2,1.6,151
Population,2025-01-03 00:49:59,4,1,8.6,25
Population,2025-02-25 05:35:59,1,2,32.3,364
Population,2025-01-04 09:25:22,5,1,14.2,419
Hair,2024-12-26 19:34:45,3,12,33.7,61
Hair,2025-02-13 16:13:32,3,2,27.7,62
Hair,2025-03-07 01:40:55,4,3,19.2,375
Image,2025-01-15 10:39:49,2,1,34.6,258
Image,2025-02-16 17:29:56,6,2,16.3,78
Image,2025-01-29 07:04:04,2,1,20.6,96
Base,2025-02-28 20:43:47,4,2,26.5,65
Base,2025-01-09 04:00:08,3,1,28.3,279
Base,2025-02-18 23:57:20,1,2,37.7,210
Beyond,2025-03-15 21:42:19,5,3,38.0,417
Beyond,2025-02-14 03:16:42,4,2,21.6,403
Beyond,2025-02-22 01:18:09,5,2,28.9,16
Information,2025-01-17 05:05:04,4,1,29.1,237
Information,2025-03-02 16:30:20,6,3,14.7,165
Information,2025-01-06 13:54:15,0,1,32.3,319
Common,2025-03-10 07:46:31,0,3,24.3,204
Common,2025-01-19 23:32:11,6,1,25.2,384
Common,2025-01-19 18:11:51,6,1,19.5,305
Wall,2025-01-04 02:10:16,5,1,24.2,137
Wall,2025-02-23 16:02:35,6,2,20.1,450
Wall,2024-12-28 09:15:51,5,12,30.1,270
Another,2025-03-17 06:34:09,0,3,35.2,323
Another,2024-12-26 05:11:33,3,12,30.8,79
Another,2025-03-15 05:32:00,5,3,26.5,202
Enjoy,2025-02-26 23:37:58,2,2,29.1,349
Enjoy,2025-03-19 00:04:02,2,3,5.3,254
Enjoy,2025-03-02 10:29:53,6,3,32.9,365
Probably,2025-02-21 12:08:57,4,2,29.6,426
Probably,2025-01-12 11:09:17,6,1,4.3,414
Probably,2025-02-04 01:11:32,1,2,11.2,331
Expert,2025-03-10 13:55:31,0,3,14.3,500
Expert,2025-02-06 06:32:07,3,2,28.3,15
Expert,2025-03-08 11:42:37,5,3,27.7,311
Staff,2025-03-18 09:14:38,1,3,19.6,215
Staff,2025-02-06 06:19:35,3,2,39.8,472
Staff,2025-01-05 10:11:42,6,1,31.7,138
Adult,2025-02-04 15:33:38,1,2,11.5,311
Adult,2025-01-13 21:38:55,0,1,18.4,82
Adult,2025-01-04 21:56:19,5,1,8.1,250
Police,2025-03-17 06:59:37,0,3,38.6,480
Police,2025-02-20 09:46:09,3,2,16.2,460
Police,2025-01-28 02:07:15,1,1,16.7,149
Stay,2025-03-10 20:35:17,0,3,3.7,445
Stay,2025-03-20 14:34:25,3,3,11.7,336
Stay,2025-02-13 16:49:42,3,2,9.2,255
Wrong,2025-01-12 12:30:54,6,1,25.9,428
Wrong,2025-01-23 18:20:40,3,1,7.3,439
Wrong,2025-03-02 03:38:52,6,3,24.3,104
Upon,2025-01-10 06:52:37,4,1,31.3,355
Upon,2025-02-17 07:41:24,0,2,2.9,139
Upon,2025-03-04 07:21:41,1,3,37.4,431
Provide,2024-12-31 16:46:58,1,12,31.9,54
Provide,2025-02-22 21:12:15,5,2,20.6,319
Provide,2025-02-08 13:04:43,5,2,19.9,349
List,2025-01-16 15:48:02,3,1,8.4,231
List,2025-01-25 21:34:32,5,1,26.7,160
List,2025-01-23 08:05:03,3,1,33.7,338
People,2025-02-21 14:31:15,4,2,18.5,96
People,2025-01-23 21:33:16,3,1,12.4,481
People,2025-01-06 21:26:02,0,1,13.7,472
Quality,2025-01-24 06:06:21,4,1,23.8,158
Quality,2025-01-19 03:14:57,6,1,2.3,62
Quality,2025-02-10 23:28:03,0,2,19.2,132
Health,2025-01-19 17:09:48,6,1,15.9,365
Health,2025-03-04 14:05:47,1,3,22.3,190
Health,2025-01-18 23:47:34,5,1,20.7,118
Place,2025-03-19 06:00:51,2,3,20.1,112
Place,2025-03-18 03:49:24,1,3,34.6,137
Place,2025-01-02 15:22:42,3,1,1.6,100
Democratic,2025-02-28 17:23:34,4,2,29.1,477
Democratic,2025-02-25 10:48:16,1,2,12.4,359
Democratic,2025-01-23 11:35:10,3,1,38.0,301
Boy,2025-03-07 21:03:52,4,3,34.7,231
Boy,2024-12-30 21:19:19,0,12,13.2,425
Boy,2025-03-05 18:30:17,2,3,13.0,311
Purpose,2025-03-03 17:25:00,0,3,23.2,123
Purpose,2025-02-22 18:25:55,5,2,18.9,311
Purpose,2025-01-05 08:47:33,6,1,32.4,33
Want,2025-03-12 21:11:50,2,3,2.6,157
Want,2025-01-11 12:51:01,5,1,1.3,114
Want,2024-12-30 11:00:48,0,12,27.0,99
Or,2025-01-05 22:24:29,6,1,5.5,277
Or,2025-01-20 20:13:41,0,1,11.5,90
Or,2025-02-27 15:23:20,3,2,24.4,143
Apply,2025-03-09 17:34:19,6,3,9.7,15
Apply,2025-03-20 19:40:45,3,3,0.4,181
Apply,2025-03-08 01:48:34,5,3,32.6,201
Keep,2025-01-24 21:23:47,4,1,4.1,291
Keep,2025-01-01 15:46:57,2,1,11.3,381
Keep,2025-03-16 22:53:31,6,3,2.7,456
Art,2025-02-19 14:14:22,2,2,38.0,123
Art,2025-01-25 18:18:51,5,1,28.0,424
Art,2024-12-22 15:12:24,6,12,7.9,356
Prepare,2025-01-03 22:15:39,4,1,28.9,155
Prepare,2025-03-03 04:15:11,0,3,39.6,429
Prepare,2025-02-14 01:58:56,4,2,21.8,138
Life,2025-01-31 11:50:17,4,1,32.6,193
Life,2025-02-20 13:38:05,3,2,35.4,454
Life,2025-03-15 04:27:44,5,3,20.8,385
Rate,2025-01-08 01:29:40,2,1,37.6,30
Rate,2025-01-04 07:05:45,5,1,23.4,182
Rate,2025-02-24 21:16:23,0,2,0.7,58
Range,2025-03-01 19:55:37,5,3,13.2,61
Range,2025-03-10 21:20:53,0,3,16.3,19
Range,2025-03-05 03:16:50,2,3,37.2,362
Happy,2025-03-07 04:37:29,4,3,32.7,49
Happy,2025-01-04 17:07:58,5,1,3.0,322
Happy,2025-01-22 19:05:40,2,1,10.8,137
Project,2025-03-16 15:05:43,6,3,13.9,244
Project,2025-03-02 03:46:52,6,3,26.1,286
Project,2025-02-08 22:36:47,5,2,9.6,443
Federal,2025-02-12 06:05:26,2,2,38.0,93
Federal,2025-01-30 18:07:20,3,1,10.2,188
Federal,2024-12-25 00:33:11,2,12,22.4,455
President,2024-12-26 21:06:13,3,12,5.5,138
President,2024-12-31 01:33:57,1,12,39.4,153
President,2025-03-20 06:11:58,3,3,26.5,255
Least,2025-01-17 04:29:31,4,1,37.4,327
Least,2025-01-16 21:27:48,3,1,18.2,293
Least,2025-03-01 22:38:07,5,3,13.0,485
Necessary,2025-01-29 17:43:25,2,1,38.0,152
Necessary,2025-01-16 09:17:52,3,1,0.7,406
Necessary,2025-01-16 17:00:25,3,1,17.9,330
Player,2024-12-28 07:58:16,5,12,20.1,160
Player,2024-12-25 03:45:18,2,12,2.6,89
Player,2025-03-21 05:53:45,4,3,37.9,362
Somebody,2025-03-09 06:20:45,6,3,23.1,153
Somebody,2025-01-22 10:27:22,2,1,21.8,178
Somebody,2025-02-02 21:55:15,6,2,5.5,53
Quickly,2025-01-28 04:51:11,1,1,30.0,253
Quickly,2025-01-19 16:56:29,6,1,0.6,460
Quickly,2025-02-21 18:14:50,4,2,27.0,20
Able,2025-02-27 20:53:39,3,2,7.8,47
Able,2025-02-09 11:30:24,6,2,3.1,137
Able,2025-01-01 14:55:55,2,1,23.1,128
Fall,2025-03-13 17:26:53,3,3,11.3,335
Fall,2024-12-26 02:34:34,3,12,0.0,466
Fall,2025-03-19 07:17:07,2,3,30.5,152
Artist,2025-02-19 02:00:47,2,2,17.4,311
Artist,2025-01-12 17:37:20,6,1,34.0,31
Artist,2025-03-12 22:55:39,2,3,4.6,476
Effort,2025-01-30 20:34:29,3,1,24.9,116
Effort,2025-03-13 19:41:10,3,3,16.1,86
Effort,2025-03-02 20:29:37,6,3,8.7,426
Believe,2025-01-03 22:40:25,4,1,5.4,82
Believe,2025-03-14 22:37:03,4,3,25.7,151
Believe,2024-12-24 01:24:41,1,12,0.4,373
Kind,2025-03-11 13:27:16,1,3,8.7,115
Kind,2025-02-23 06:30:06,6,2,1.2,21
Kind,2025-02-23 07:21:42,6,2,33.4,197
Ready,2025-01-01 07:19:23,2,1,23.1,52
Ready,2025-03-02 16:12:32,6,3,26.1,206
Ready,2025-01-04 00:50:34,5,1,20.4,114
Economic,2025-03-11 00:57:31,1,3,11.1,81
Economic,2025-02-20 20:08:34,3,2,37.6,461
Economic,2025-02-26 19:49:56,2,2,39.7,356
Peace,2024-12-29 11:52:08,6,12,0.6,415
Peace,2025-02-25 21:02:36,1,2,10.7,104
Peace,2025-01-11 22:07:20,5,1,11.6,377
Crime,2025-03-13 10:39:07,3,3,1.1,350
Crime,2024-12-24 10:38:06,1,12,20.2,420
Crime,2025-01-29 07:07:18,2,1,17.6,492
Summer,2025-01-07 09:57:14,1,1,39.0,77
Summer,2025-03-03 07:14:36,0,3,20.0,481
Summer,2025-02-06 17:36:22,3,2,22.5,50
Apply,2025-02-16 04:04:46,6,2,10.9,332
Apply,2025-02-14 21:12:14,4,2,6.9,456
Apply,2025-01-27 01:47:49,0,1,33.0,330
Trade,2025-02-05 01:43:19,2,2,24.5,131
Trade,2025-01-27 03:40:58,0,1,30.6,173
Trade,2025-02-16 09:56:14,6,2,33.2,280
Production,2025-01-11 07:34:32,5,1,16.1,418
Production,2024-12-22 05:50:00,6,12,18.5,216
Production,2025-03-17 12:06:22,0,3,23.0,493
Number,2025-01-06 10:25:19,0,1,24.8,464
Number,2025-01-02 08:32:40,3,1,38.8,498
Number,2025-03-02 10:45:51,6,3,11.4,369
Practice,2025-02-09 14:52:38,6,2,31.8,238
Practice,2025-01-03 23:51:19,4,1,16.3,492
Practice,2025-01-23 07:09:47,3,1,3.2,181
Finally,2024-12-22 14:28:01,6,12,7.7,350
Finally,2025-01-18 09:32:54,5,1,27.1,331
Finally,2025-01-15 19:37:49,2,1,5.6,471
Partner,2025-01-29 22:18:09,2,1,18.0,236
Partner,2024-12-21 01:45:03,5,12,18.6,95
Partner,2025-02-07 15:39:20,4,2,9.4,98
Out,2025-02-24 07:32:58,0,2,15.8,82
Out,2025-02-14 10:10:41,4,2,29.1,28
Out,2024-12-23 09:07:01,0,12,34.9,481
Ago,2025-03-08 21:33:12,5,3,37.2,195
Ago,2025-01-09 15:03:32,3,1,34.9,254
Ago,2024-12-29 14:22:12,6,12,17.8,216
Together,2025-01-11 17:57:54,5,1,9.5,89
Together,2025-02-13 23:58:47,3,2,37.4,439
Together,2024-12-31 20:49:27,1,12,3.6,266
Defense,2025-03-04 21:16:09,1,3,1.3,41
Defense,2025-01-04 11:43:42,5,1,3.0,356
Defense,2025-01-03 17:46:36,4,1,35.5,475
Level,2025-03-08 17:26:03,5,3,6.5,285
Level,2025-02-11 20:59:14,1,2,4.0,353
Level,2025-02-07 12:24:34,4,2,31.9,82
Job,2025-02-18 02:36:46,1,2,26.1,328
Job,2025-03-09 05:23:04,6,3,35.5,320
Job,2024-12-27 03:48:02,4,12,31.2,454
Technology,2025-02-13 00:10:47,3,2,33.0,142
Technology,2025-01-02 10:10:59,3,1,39.5,236
Technology,2025-02-21 20:31:31,4,2,15.7,267
Medical,2025-01-21 04:00:53,1,1,21.2,85
Medical,2025-02-20 15:43:11,3,2,30.8,25
Medical,2025-03-06 13:52:05,3,3,11.7,316
Southern,2025-01-11 19:56:33,5,1,37.0,350
Southern,2025-01-15 03:08:52,2,1,14.4,203
Southern,2025-01-13 01:47:07,0,1,32.8,242
Address,2025-01-06 18:51:21,0,1,18.2,209
Address,2025-02-25 14:22:29,1,2,40.0,56
Address,2025-01-12 21:04:44,6,1,24.7,105
Recently,2025-03-06 14:06:56,3,3,15.5,169
Recently,2025-01-23 17:53:03,3,1,14.6,189
Recently,2025-03-14 23:18:45,4,3,24.6,351
Environmental,2025-03-10 00:38:28,0,3,5.0,405
Environmental,2025-01-06 11:58:26,0,1,17.6,365
Environmental,2025-03-01 15:22:14,5,3,22.0,158
Really,2024-12-30 11:08:33,0,12,21.1,57
Really,2025-02-01 00:57:35,5,2,34.5,246
Really,2025-02-09 18:30:50,6,2,34.7,112
Enough,2025-02-01 17:07:12,5,2,7.3,424
Enough,2025-02-18 20:49:58,1,2,13.4,95
Enough,2025-03-04 07:36:48,1,3,36.7,286
Special,2025-02-21 06:22:47,4,2,13.7,343
Special,2025-01-25 13:36:39,5,1,18.8,435
Special,2024-12-25 10:48:44,2,12,16.1,303
Whatever,2024-12-20 23:28:37,4,12,35.3,96
Whatever,2025-01-07 06:52:25,1,1,29.5,94
Whatever,2025-03-11 18:42:24,1,3,2.4,298
Purpose,2025-01-07 02:12:55,1,1,32.5,103
Purpose,2025-03-09 17:45:06,6,3,16.0,493
Purpose,2025-02-17 04:18:16,0,2,13.4,284
Identify,2025-01-23 06:36:41,3,1,18.9,294
Identify,2025-02-19 04:25:14,2,2,4.1,425
Identify,2024-12-31 18:56:30,1,12,12.3,191
Lay,2025-03-04 12:40:24,1,3,8.4,210
Lay,2025-01-14 10:13:20,1,1,32.2,409
Lay,2025-01-22 22:52:10,2,1,2.1,236
Image,2025-01-15 12:33:23,2,1,32.2,233
Image,2025-03-04 03:11:53,1,3,2.3,385
Image,2024-12-30 10:24:48,0,12,32.0,82
Read,2025-02-07 22:23:14,4,2,35.7,343
Read,2025-02-20 11:15:41,3,2,9.4,355
Read,2025-03-19 12:05:23,2,3,27.1,355
Ten,2025-03-02 22:31:19,6,3,35.0,372
Ten,2024-12-23 10:11:30,0,12,19.6,302
Ten,2025-03-12 10:30:31,2,3,10.6,464
Give,2025-02-06 07:59:45,3,2,19.4,441
Give,2025-02-22 16:48:32,5,2,13.1,131
Give,2025-02-06 09:37:34,3,2,32.0,258
Congress,2024-12-27 15:49:18,4,12,10.8,404
Congress,2025-03-08 22:16:35,5,3,22.1,119
Congress,2025-01-28 11:50:29,1,1,24.1,377
Door,2025-02-05 08:51:21,2,2,5.0,357
Door,2025-02-13 06:52:24,3,2,10.6,37
Door,2025-02-14 08:59:09,4,2,26.2,381
Blue,2025-01-12 02:58:37,6,1,29.5,90
Blue,2025-02-22 14:59:37,5,2,9.2,489
Blue,2025-02-10 16:14:58,0,2,15.6,177
Agent,2025-02-23 20:27:30,6,2,20.1,292
Agent,2024-12-29 13:34:55,6,12,35.4,426
Agent,2024-12-21 11:16:27,5,12,37.3,377
Room,2025-02-23 13:01:54,6,2,27.9,80
Room,2025-02-07 11:02:06,4,2,30.2,322
Room,2024-12-26 12:39:39,3,12,6.6,18
Law,2025-03-18 08:58:54,1,3,3.6,117
Law,2024-12-28 20:09:10,5,12,33.0,314
Law,2024-12-22 00:09:59,6,12,28.4,24
Seek,2025-01-07 10:42:03,1,1,15.7,486
Seek,2025-01-11 12:12:45,5,1,2.0,419
Seek,2025-03-04 17:36:43,1,3,14.0,484
Man,2025-02-14 02:55:57,4,2,17.5,294
Man,2025-01-10 10:56:08,4,1,22.9,473
Man,2024-12-20 16:04:26,4,12,31.7,444
Break,2025-01-18 08:54:24,5,1,39.1,354
Break,2025-02-03 04:05:57,0,2,36.9,58
Break,2025-03-08 19:11:58,5,3,21.6,231
Business,2024-12-21 10:26:38,5,12,1.6,59
Business,2025-03-04 07:38:20,1,3,16.9,393
Business,2025-01-13 22:32:14,0,1,35.8,150
Manager,2025-02-15 03:30:47,5,2,13.5,40
Manager,2025-03-19 16:14:02,2,3,1.6,319
Manager,2025-03-07 04:04:25,4,3,32.5,350
Box,2025-01-09 05:26:58,3,1,26.1,401
Box,2025-01-14 11:08:13,1,1,12.8,404
Box,2025-01-20 03:58:53,0,1,19.1,316
Indicate,2025-01-14 01:10:11,1,1,9.3,330
Indicate,2025-01-19 19:59:21,6,1,7.5,402
Indicate,2024-12-25 09:47:41,2,12,37.1,497
Group,2025-01-17 08:49:07,4,1,17.2,82
Group,2025-02-19 23:09:33,2,2,15.2,107
Group,2025-02-09 11:25:53,6,2,39.6,189
Step,2025-01-16 19:01:10,3,1,0.5,500
Step,2025-02-12 12:58:40,2,2,3.5,464
Step,2025-01-14 11:36:04,1,1,36.3,240
Film,2025-03-10 02:24:05,0,3,18.6,132
Film,2025-01-26 16:41:51,6,1,37.6,442
Film,2025-01-11 10:41:20,5,1,6.1,460
At,2025-01-01 16:16:05,2,1,2.2,329
At,2025-02-17 01:10:20,0,2,13.2,326
At,2025-02-25 20:14:45,1,2,13.3,344
History,2024-12-27 20:29:32,4,12,17.3,290
History,2025-03-12 08:37:24,2,3,31.1,350
History,2025-01-21 04:37:32,1,1,4.3,444
Nothing,2025-01-29 22:50:50,2,1,23.3,482
Nothing,2025-01-05 03:07:14,6,1,33.6,133
Nothing,2025-02-13 13:46:02,3,2,28.5,171
Near,2025-01-08 06:23:53,2,1,1.0,347
Near,2025-03-06 18:08:29,3,3,30.3,471
Near,2025-02-08 04:46:20,5,2,14.6,77
Hard,2025-03-08 08:35:54,5,3,6.3,186
Hard,2025-02-16 01:41:04,6,2,34.2,145
Hard,2025-03-09 19:26:48,6,3,9.3,178
Set,2025-01-25 02:13:25,5,1,16.7,168
Set,2025-02-17 17:34:03,0,2,14.1,80
Set,2025-01-03 03:29:27,4,1,7.1,448
Window,2025-03-02 15:11:03,6,3,16.1,447
Window,2024-12-26 23:23:02,3,12,17.2,184
Window,2025-01-11 13:23:52,5,1,4.6,139
Throw,2025-01-03 21:26:29,4,1,31.9,346
Throw,2025-02-01 02:53:18,5,2,8.8,125
Throw,2025-02-19 00:59:35,2,2,4.7,110
Tree,2025-01-23 09:27:25,3,1,38.3,62
Tree,2024-12-27 05:35:30,4,12,20.9,235
Tree,2024-12-28 15:38:06,5,12,10.7,449
Although,2024-12-24 19:16:41,1,12,11.1,445
Although,2025-03-09 21:11:42,6,3,29.4,258
Although,2025-02-14 11:09:55,4,2,27.0,137
Instead,2025-01-18 22:21:53,5,1,17.2,107
Instead,2025-01-22 19:33:22,2,1,24.6,112
Instead,2025-01-13 22:05:36,0,1,20.3,463
Include,2025-01-18 17:53:24,5,1,13.5,78
Include,2025-03-19 14:48:57,2,3,1.6,182
Include,2025-01-08 19:47:18,2,1,1.5,475
Meet,2025-01-04 01:07:43,5,1,5.6,234
Meet,2025-03-03 04:52:19,0,3,36.0,263
Meet,2025-02-25 04:00:10,1,2,7.8,227
Democratic,2025-03-07 02:32:54,4,3,15.5,432
Democratic,2025-02-11 15:53:22,1,2,17.6,257
Democratic,2025-01-10 03:14:31,4,1,10.4,430
Attack,2025-03-12 18:21:22,2,3,34.3,184
Attack,2025-01-12 03:40:54,6,1,36.5,112
Attack,2025-01-01 17:16:27,2,1,23.2,492
Recent,2025-01-13 13:30:33,0,1,0.5,467
Recent,2024-12-22 20:50:25,6,12,19.3,363
Recent,2025-01-13 11:10:57,0,1,26.2,170
Their,2025-01-16 16:08:55,3,1,24.5,72
Their,2025-02-25 03:48:31,1,2,29.3,488
Their,2024-12-26 21:36:37,3,12,36.1,262
Leave,2025-01-18 07:14:37,5,1,22.3,73
Leave,2025-03-08 19:06:25,5,3,24.1,405
Leave,2024-12-30 23:16:51,0,12,4.0,46
Anything,2025-01-11 12:19:10,5,1,32.9,453
Anything,2025-03-14 08:04:36,4,3,6.8,323
Anything,2025-02-10 00:27:20,0,2,30.8,59
Until,2025-02-05 18:35:01,2,2,4.8,51
Until,2024-12-27 18:33:34,4,12,2.6,81
Until,2025-03-02 16:10:21,6,3,33.0,58
Knowledge,2025-03-17 16:21:46,0,3,17.6,110
Knowledge,2025-02-10 20:39:02,0,2,22.7,450
Knowledge,2025-03-01 09:53:47,5,3,33.2,486
So,2025-01-07 10:28:47,1,1,26.8,377
So,2024-12-29 01:32:13,6,12,38.1,234
So,2024-12-21 22:33:04,5,12,10.8,226
Relationship,2025-01-12 09:38:24,6,1,6.8,197
Relationship,2025-01-02 19:13:39,3,1,4.9,146
Relationship,2025-03-13 05:04:43,3,3,25.7,104
War,2024-12-24 05:03:08,1,12,15.4,405
War,2025-02-23 22:03:39,6,2,15.0,116
War,2025-02-07 05:11:25,4,2,15.1,34
Onto,2025-03-16 07:13:48,6,3,14.0,13
Onto,2025-03-05 00:16:18,2,3,36.6,442
Onto,2025-02-03 15:09:08,0,2,6.6,456
Each,2025-03-08 06:39:25,5,3,18.7,78
Each,2025-03-17 14:51:49,0,3,34.3,90
Each,2025-02-22 23:32:45,5,2,26.4,86
View,2025-01-04 23:09:30,5,1,33.9,225
View,2025-02-08 11:16:12,5,2,17.7,393
View,2025-02-23 03:38:48,6,2,11.6,335
Wear,2025-01-20 14:22:08,0,1,23.2,295
Wear,2025-01-19 16:09:17,6,1,31.0,415
Wear,2025-03-01 18:38:26,5,3,15.6,373
Foot,2025-01-27 14:13:21,0,1,39.5,383
Foot,2025-03-14 20:47:46,4,3,30.0,142
Foot,2024-12-28 15:46:01,5,12,21.9,457
Color,2025-03-11 00:36:59,1,3,24.7,364
Color,2025-01-02 12:00:48,3,1,39.4,352
Color,2025-03-10 06:28:16,0,3,32.0,414
Billion,2025-01-05 18:19:32,6,1,29.6,303
Billion,2025-01-25 01:06:23,5,1,26.3,247
Billion,2024-12-30 21:08:46,0,12,18.4,184
Group,2025-01-04 09:25:06,5,1,3.7,494
Group,2025-02-23 13:53:20,6,2,26.8,86
Group,2025-02-27 11:56:38,3,2,11.1,328
Power,2025-03-21 02:30:50,4,3,18.8,350
Power,2025-01-06 21:31:27,0,1,24.0,39
Power,2025-01-16 23:20:27,3,1,27.6,25
Someone,2025-02-09 11:15:29,6,2,29.3,192
Someone,2024-12-23 15:50:09,0,12,35.8,245
Someone,2025-02-14 20:41:54,4,2,0.8,205
Recently,2025-02-18 23:09:17,1,2,2.8,151
Recently,2025-01-10 08:37:31,4,1,36.6,343
Recently,2025-01-08 12:53:31,2,1,38.1,206
Respond,2025-01-29 16:54:22,2,1,37.9,82
Respond,2025-01-31 22:50:52,4,1,15.5,213
Respond,2025-02-02 08:50:47,6,2,39.7,426
Concern,2025-03-13 06:26:24,3,3,38.1,241
Concern,2025-01-02 18:43:02,3,1,6.5,355
Concern,2025-03-18 12:40:28,1,3,38.0,136
Arm,2024-12-29 12:00:20,6,12,28.0,393
Arm,2025-01-14 16:35:44,1,1,14.5,107
Arm,2025-01-19 18:51:35,6,1,30.7,257
Walk,2025-03-03 03:41:41,0,3,31.6,79
Walk,2025-02-02 15:46:26,6,2,26.6,364
Walk,2025-01-06 04:28:36,0,1,37.7,12
Weight,2025-02-28 10:00:21,4,2,25.3,37
Weight,2025-02-06 06:12:08,3,2,16.7,469
Weight,2025-02-18 19:26:31,1,2,15.7,246
Those,2025-02-26 09:05:15,2,2,5.9,277
Those,2025-01-26 02:58:58,6,1,30.9,425
Those,2025-01-02 09:22:43,3,1,4.0,200
Me,2025-02-23 10:29:54,6,2,17.4,169
Me,2025-01-24 09:49:45,4,1,26.6,85
Me,2025-02-20 18:35:32,3,2,19.5,306
Third,2025-02-24 03:06:05,0,2,14.4,108
Third,2024-12-27 23:21:58,4,12,8.1,291
Third,2025-02-15 04:21:03,5,2,7.7,366
Physical,2025-03-09 18:01:10,6,3,1.3,324
Physical,2025-03-09 09:00:30,6,3,15.9,123
Physical,2025-02-03 17:55:38,0,2,9.0,231
American,2025-03-06 14:28:42,3,3,34.4,183
American,2025-01-14 00:24:01,1,1,30.7,147
American,2025-03-13 08:01:46,3,3,19.4,107
Leader,2024-12-31 14:08:40,1,12,16.7,61
Leader,2025-01-12 04:01:48,6,1,13.0,56
Leader,2025-03-14 11:15:25,4,3,37.1,71
Interview,2024-12-31 05:57:39,1,12,26.7,323
Interview,2025-01-18 00:53:49,5,1,6.7,136
Interview,2025-02-01 00:35:04,5,2,12.5,121
Though,2025-02-13 14:23:43,3,2,23.4,213
Though,2025-03-07 10:47:09,4,3,23.8,463
Though,2025-02-25 07:42:26,1,2,10.6,441
Policy,2025-03-07 01:49:29,4,3,31.9,420
Policy,2025-02-23 06:08:51,6,2,4.3,353
Policy,2025-01-06 14:07:47,0,1,17.7,190
Size,2025-02-21 18:32:34,4,2,29.6,470
Size,2025-01-09 18:38:09,3,1,14.1,70
Size,2025-01-29 11:49:54,2,1,33.5,113
Indeed,2025-01-10 16:04:44,4,1,13.1,15
Indeed,2025-02-01 16:44:11,5,2,27.5,284
Indeed,2025-02-21 00:08:07,4,2,35.5,75
Back,2025-02-20 00:52:13,3,2,4.3,243
Back,2025-03-04 16:42:52,1,3,26.1,118
Back,2025-01-30 01:33:04,3,1,7.0,134
Shake,2025-02-24 15:05:22,0,2,37.0,493
Shake,2025-01-14 20:47:18,1,1,5.0,346
Shake,2025-02-23 13:28:26,6,2,7.1,55
Sea,2025-03-12 11:03:35,2,3,20.8,412
Sea,2025-01-29 04:57:14,2,1,11.4,187
Sea,2025-01-25 11:31:25,5,1,22.2,226
Include,2025-01-13 20:59:11,0,1,3.2,270
Include,2025-01-23 01:44:14,3,1,36.5,167
Include,2025-02-13 10:14:51,3,2,36.2,341
Lot,2025-02-20 03:23:14,3,2,2.6,71
Lot,2024-12-21 22:41:59,5,12,29.1,354
Lot,2025-03-14 22:01:34,4,3,21.1,98
Note,2025-02-12 07:22:07,2,2,6.3,398
Note,2025-02-15 09:41:39,5,2,21.2,28
Note,2025-01-11 23:48:08,5,1,15.4,297
Enjoy,2025-01-07 08:53:33,1,1,4.4,263
Enjoy,2025-01-19 01:20:29,6,1,10.4,134
Enjoy,2025-01-25 23:23:28,5,1,21.1,135
Yet,2025-01-07 15:01:54,1,1,4.2,343
Yet,2025-01-31 00:24:03,4,1,7.7,251
Yet,2025-02-27 22:05:37,3,2,38.2,399
Remember,2025-03-15 18:20:37,5,3,8.9,220
Remember,2025-02-08 19:47:47,5,2,36.0,59
Remember,2025-03-07 05:07:59,4,3,28.2,389
Answer,2025-01-15 23:17:30,2,1,9.9,398
Answer,2025-02-08 11:24:12,5,2,38.8,455
Answer,2025-03-21 10:39:09,4,3,30.5,321
Measure,2025-02-10 19:52:53,0,2,12.5,401
Measure,2025-02-02 22:29:56,6,2,3.4,500
Measure,2024-12-31 16:35:44,1,12,16.7,68
Performance,2025-01-25 02:52:22,5,1,31.3,125
Performance,2025-02-18 08:48:10,1,2,12.4,243
Performance,2025-02-10 01:59:10,0,2,35.7,33
Away,2024-12-30 08:49:35,0,12,3.0,237
Away,2025-02-02 11:21:05,6,2,15.3,99
Away,2025-03-14 05:48:04,4,3,31.2,211
Vote,2025-03-10 03:20:23,0,3,12.6,157
Vote,2025-01-25 21:21:24,5,1,35.5,41
Vote,2025-01-18 21:28:03,5,1,14.4,56
Through,2025-02-22 23:56:46,5,2,36.7,33
Through,2025-03-04 18:26:49,1,3,5.2,25
Through,2025-03-03 13:14:15,0,3,11.5,217
Several,2025-03-20 07:52:28,3,3,8.0,324
Several,2025-01-02 03:41:54,3,1,19.2,362
Several,2025-01-24 02:17:50,4,1,14.7,38
Cell,2025-01-23 12:30:30,3,1,38.2,251
Cell,2024-12-24 20:25:23,1,12,18.2,17
Cell,2025-01-01 21:22:04,2,1,8.9,306
Less,2025-03-07 12:39:56,4,3,6.0,484
Less,2025-03-08 14:28:53,5,3,7.4,125
Less,2025-02-06 01:34:11,3,2,6.6,306
Strong,2025-02-08 22:52:59,5,2,38.3,253
Strong,2025-02-27 08:32:56,3,2,20.6,491
Strong,2025-03-13 10:48:14,3,3,2.5,414
Design,2025-01-10 18:00:06,4,1,31.2,22
Design,2025-01-20 20:50:59,0,1,26.5,346
Design,2025-03-15 17:21:33,5,3,35.9,353
Once,2025-02-03 12:40:29,0,2,22.2,472
Once,2025-03-09 21:25:05,6,3,24.9,129
Once,2025-03-14 14:04:47,4,3,18.9,246
Candidate,2025-02-20 17:22:17,3,2,32.1,485
Candidate,2025-02-22 06:44:49,5,2,13.7,270
Candidate,2025-01-14 03:38:18,1,1,3.6,249
Executive,2025-02-03 05:56:07,0,2,3.2,69
Executive,2025-03-10 08:44:34,0,3,23.8,463
Executive,2025-03-19 04:13:48,2,3,20.9,31
Grow,2025-01-18 09:26:10,5,1,37.8,215
Grow,2025-01-08 05:29:25,2,1,7.7,171
Grow,2025-02-09 02:43:48,6,2,39.3,83
Poor,2025-03-07 18:14:47,4,3,9.4,273
Poor,2025-03-07 01:24:12,4,3,24.4,126
Poor,2025-01-13 01:58:25,0,1,33.8,42
Day,2025-02-20 18:58:45,3,2,19.7,120
Day,2025-03-04 10:45:49,1,3,22.0,33
Day,2025-03-13 18:02:50,3,3,7.0,240
Begin,2025-02-01 03:20:18,5,2,11.2,198
Begin,2025-02-03 07:53:37,0,2,27.4,157
Begin,2025-02-11 07:05:17,1,2,29.3,417
View,2025-01-28 04:59:11,1,1,2.8,241
View,2025-02-24 12:43:25,0,2,34.1,352
View,2025-03-05 05:21:01,2,3,8.1,135
Particularly,2025-02-09 16:37:47,6,2,38.0,460
Particularly,2025-01-14 13:19:59,1,1,9.8,223
Particularly,2025-02-03 15:43:00,0,2,36.4,105
Provide,2025-02-20 01:24:07,3,2,8.0,216
Provide,2025-02-07 13:55:06,4,2,12.7,294
Provide,2025-01-16 04:27:55,3,1,11.2,201
Dog,2025-02-19 04:47:23,2,2,16.0,112
Dog,2025-01-19 05:25:22,6,1,24.8,83
Dog,2025-02-17 19:18:45,0,2,29.5,499
Will,2025-02-07 15:16:54,4,2,13.3,417
Will,2025-01-13 08:54:14,0,1,25.2,111
Will,2025-02-02 19:21:06,6,2,17.2,266
Perhaps,2025-01-13 19:10:10,0,1,5.7,107
Perhaps,2025-03-16 08:32:56,6,3,37.6,53
Perhaps,2025-03-09 23:21:09,6,3,10.4,156
Consider,2025-02-02 18:47:21,6,2,11.8,202
Consider,2025-03-12 23:34:54,2,3,8.1,36
Consider,2025-02-12 19:27:08,2,2,36.7,255
Offer,2024-12-29 23:05:52,6,12,9.4,288
Offer,2025-02-25 04:29:16,1,2,28.9,102
Offer,2025-02-08 01:28:31,5,2,34.6,369
Much,2025-01-26 18:58:23,6,1,5.3,368
Much,2025-01-10 23:12:34,4,1,28.0,420
Much,2025-01-12 21:24:43,6,1,1.7,325
The,2025-01-15 09:22:25,2,1,30.7,64
The,2025-01-14 19:55:16,1,1,30.6,81
The,2025-01-17 07:49:18,4,1,15.2,326
Claim,2025-01-13 08:29:42,0,1,32.4,219
Claim,2025-01-20 18:19:33,0,1,37.0,116
Claim,2024-12-23 09:15:41,0,12,2.6,481
Stand,2025-02-04 12:39:20,1,2,10.5,210
Stand,2025-01-28 10:15:42,1,1,6.3,320
Stand,2024-12-29 12:48:05,6,12,4.8,240
Apply,2025-01-13 08:48:48,0,1,8.3,32
Apply,2025-01-08 11:13:46,2,1,35.5,251
Apply,2025-01-18 04:05:10,5,1,30.8,105
Research,2025-02-02 14:46:44,6,2,27.1,463
Research,2025-03-04 07:28:21,1,3,35.5,183
Research,2025-01-04 16:35:51,5,1,27.2,437
Democrat,2025-03-04 21:54:54,1,3,0.9,351
Democrat,2025-02-16 06:21:42,6,2,3.7,11
Democrat,2025-03-18 00:20:26,1,3,39.0,74
Pick,2025-03-15 07:13:51,5,3,36.7,16
Pick,2025-02-10 02:06:28,0,2,4.4,43
Pick,2025-03-13 02:31:31,3,3,17.7,117
Yard,2025-01-16 08:37:32,3,1,3.9,148
Yard,2025-01-10 15:53:03,4,1,3.3,281
Yard,2024-12-31 08:12:14,1,12,14.2,247
Head,2025-01-26 00:25:53,6,1,32.1,163
Head,2025-02-03 05:55:57,0,2,38.0,270
Head,2025-01-20 20:21:43,0,1,2.8,247
Huge,2025-03-09 23:28:54,6,3,19.7,422
Huge,2025-01-20 20:51:38,0,1,4.7,431
Huge,2025-03-20 11:26:02,3,3,20.0,290
Gas,2025-01-18 06:34:34,5,1,38.1,324
Gas,2025-02-03 19:49:33,0,2,6.4,57
Gas,2024-12-22 14:28:19,6,12,17.8,50
Daughter,2025-01-24 12:14:01,4,1,38.7,411
Daughter,2025-03-15 04:18:26,5,3,10.9,49
Daughter,2025-03-20 23:38:13,3,3,17.9,41
Out,2024-12-21 04:44:23,5,12,1.4,216
Out,2025-02-23 07:31:15,6,2,12.5,232
Out,2024-12-28 10:04:38,5,12,7.4,66
Party,2025-03-19 01:15:30,2,3,2.1,20
Party,2025-02-16 16:35:41,6,2,29.7,250
Party,2025-02-15 16:25:30,5,2,13.7,232
Never,2025-02-04 05:54:35,1,2,31.5,231
Never,2025-02-23 16:59:14,6,2,5.4,500
Never,2025-01-08 16:03:58,2,1,21.2,357
Sell,2024-12-29 16:42:28,6,12,22.4,491
Sell,2024-12-21 01:31:23,5,12,35.7,172
Sell,2025-02-11 15:00:54,1,2,0.2,56
Draw,2025-03-16 15:58:49,6,3,36.9,368
Draw,2025-02-05 07:33:39,2,2,9.1,286
Draw,2024-12-21 14:30:42,5,12,11.5,358
Past,2025-02-15 10:18:53,5,2,10.1,187
Past,2025-01-30 15:33:08,3,1,28.6,383
Past,2025-03-01 18:45:00,5,3,16.6,490
Likely,2025-03-17 19:19:45,0,3,12.6,381
Likely,2024-12-24 22:04:05,1,12,24.0,378
Likely,2024-12-29 11:09:06,6,12,16.5,242
From,2025-03-19 14:29:40,2,3,31.6,350
From,2025-02-08 15:25:51,5,2,35.7,86
From,2025-03-05 19:01:02,2,3,9.9,279
Real,2025-02-24 10:19:05,0,2,11.4,97
Real,2024-12-25 22:27:35,2,12,31.2,275
Real,2025-02-26 08:53:03,2,2,13.1,419
Hour,2025-01-20 10:19:21,0,1,40.0,181
Hour,2024-12-22 07:27:42,6,12,27.7,229
Hour,2025-01-02 11:11:35,3,1,11.1,41
Toward,2025-02-10 05:17:26,0,2,5.4,339
Toward,2025-03-09 03:05:18,6,3,27.5,313
Toward,2025-03-18 10:12:32,1,3,8.6,176
Environmental,2024-12-26 09:02:46,3,12,15.5,93
Environmental,2025-02-07 04:36:04,4,2,29.5,379
Environmental,2025-03-05 21:06:14,2,3,16.7,111
Society,2024-12-31 02:49:57,1,12,26.5,292
Society,2025-01-09 07:02:29,3,1,34.7,289
Society,2024-12-28 14:36:48,5,12,1.8,443
Edge,2025-01-26 14:42:13,6,1,6.9,309
Edge,2025-01-13 17:34:50,0,1,19.1,31
Edge,2025-02-01 05:45:45,5,2,25.3,49
Would,2025-02-28 13:06:27,4,2,37.8,399
Would,2025-01-07 13:27:14,1,1,15.5,497
Would,2025-03-19 03:13:49,2,3,36.1,131
Hard,2025-01-31 21:59:20,4,1,34.9,442
Hard,2024-12-21 17:55:36,5,12,28.5,432
Hard,2025-02-14 09:10:35,4,2,22.9,86
Leg,2024-12-30 01:04:47,0,12,7.1,236
Leg,2025-02-24 19:50:26,0,2,39.9,214
Leg,2025-03-05 23:27:30,2,3,5.1,415
Positive,2025-02-11 05:12:34,1,2,34.8,482
Positive,2025-01-08 02:10:32,2,1,28.1,392
Positive,2025-02-13 04:21:04,3,2,14.6,293
Around,2025-02-05 19:51:01,2,2,27.0,386
Around,2025-01-06 01:35:50,0,1,19.4,183
Around,2025-03-09 07:35:50,6,3,22.4,313
Cause,2025-01-30 17:16:34,3,1,30.6,463
Cause,2025-01-11 02:51:45,5,1,7.8,445
Cause,2025-01-15 01:19:55,2,1,24.6,45
Find,2025-03-19 17:52:17,2,3,23.2,238
Find,2025-01-03 08:59:09,4,1,18.6,303
Find,2025-01-15 22:32:11,2,1,32.4,383
Worry,2025-01-19 21:43:25,6,1,21.9,400
Worry,2025-03-14 03:36:08,4,3,20.9,126
Worry,2025-01-21 20:37:44,1,1,15.5,417
Need,2025-03-18 23:11:58,1,3,33.9,495
Need,2025-02-03 22:21:13,0,2,2.5,365
Need,2025-01-05 16:15:54,6,1,19.8,386
Big,2025-02-25 03:58:41,1,2,30.4,395
Big,2025-02-02 04:31:20,6,2,10.1,221
Big,2025-02-22 09:36:29,5,2,29.5,293
Successful,2025-02-13 15:50:16,3,2,20.0,218
Successful,2024-12-30 18:27:14,0,12,26.3,147
Successful,2025-01-31 03:49:37,4,1,6.7,200
Attention,2024-12-27 03:29:15,4,12,39.5,102
Attention,2025-03-18 06:16:08,1,3,24.2,391
Attention,2025-01-19 16:28:35,6,1,26.9,292
Front,2025-02-08 15:24:38,5,2,40.0,128
Front,2025-02-09 08:01:12,6,2,3.4,217
Front,2025-01-18 16:04:04,5,1,28.0,198
Miss,2025-01-29 23:44:50,2,1,24.0,328
Miss,2025-01-20 02:41:26,0,1,19.1,238
Miss,2025-02-27 20:53:48,3,2,23.8,308
Rest,2025-02-04 11:38:06,1,2,20.1,175
Rest,2025-02-01 21:59:04,5,2,29.9,223
Rest,2024-12-28 23:58:59,5,12,36.4,355
Represent,2025-03-03 16:52:40,0,3,4.6,453
Represent,2025-03-19 17:39:25,2,3,18.6,43
Represent,2024-12-23 20:04:34,0,12,38.4,386
Can,2025-01-30 14:40:36,3,1,1.1,234
Can,2025-02-08 00:17:06,5,2,37.6,380
Can,2025-03-18 23:59:59,1,3,1.9,13
